idiom,sentence
all hell broke loose,l
all hell broke loose,l
all hell broke loose,l
off the hook,l
off the hook,l
off the hook,l
against the grain,l
against the grain,l
play with fire,l
play with fire,l
play with fire,l
make a killing,l
make a killing,l
make a killing,l
carry the can,l
carry the can,l
carry the can,l
in the doghouse,l
in the doghouse,l
in the doghouse,l
behind the scenes,l
behind the scenes,l
behind the scenes,l
go to the wall,l
go to the wall,l
go to the wall,l
see the light of day,l
see the light of day,l
under the weather,l
under the weather,l
under the weather,l
jump through hoops,l
jump through hoops,l
jump through hoops,l
on the horn,l
on the horn,l
to the bone,l
to the bone,l
push the envelope,l
push the envelope,l
look on the bright side,l
look on the bright side,l
up to here,l
up to here,l
up to here,l
night and day,l
night and day,l
head for the hills,l
head for the hills,l
head for the hills,l
pass the buck,l
pass the buck,l
rise from the ashes,l
rise from the ashes,l
rise from the ashes,l
meat and potatoes,l
meat and potatoes,l
meat and potatoes,l
in bed with,l
in bed with,l
in bed with,l
in the pink,l
in the pink,l
in the pink,l
go to town,l
go to town,l
go to town,l
heart of gold,l
heart of gold,l
heart of gold,l
par for the course,l
par for the course,l
par for the course,l
out of line,l
out of line,l
out of line,l
stay the course,l
stay the course,l
stay the course,l
smoke and mirrors,l
smoke and mirrors,l
get to the bottom of,l
get to the bottom of,l
get to the bottom of,l
by the book,l
by the book,l
in your face,l
in your face,l
in your face,l
in the black,l
in the black,l
in the black,l
hit the nail on the head,l
hit the nail on the head,l
in the driving seat,l
in the driving seat,l
in the driving seat,l
join the club,l
join the club,l
join the club,l
walk the plank,l
walk the plank,l
eat humble pie,l
eat humble pie,l
eat humble pie,l
up the river,l
up the river,l
up the river,l
circle the wagons,l
look the part,l
look the part,l
look the part,l
moment of truth,l
all bets are off,l
all bets are off,l
knock someone's socks off,l
on the side of the angels,l
on the side of the angels,l
on the side of the angels,l
jump on the bandwagon,l
jump on the bandwagon,l
jump on the bandwagon,l
turn the other cheek,l
raise the roof,l
raise the roof,l
raise the roof,l
do the right thing,l
do the right thing,l
do the right thing,l
on the square,l
on the square,l
on the square,l
pick up the pieces,l
pick up the pieces,l
pick up the pieces,l
touch and go,l
off and running,l
off and running,l
off and running,l
horses for courses,l
horses for courses,l
horses for courses,l
wipe the slate clean,l
wipe the slate clean,l
wipe the slate clean,l
hit the jackpot,l
hit the jackpot,l
hit the jackpot,l
round the bend,l
round the bend,l
round the bend,l
go for the jugular,l
go for the jugular,l
go for the jugular,l
nip and tuck,l
nip and tuck,l
nip and tuck,l
throw the baby out with the bathwater,l
throw the baby out with the bathwater,l
out of order,l
out of order,l
out of order,l
muddy the waters,l
muddy the waters,l
muddy the waters,l
move the goalposts,l
move the goalposts,l
move the goalposts,l
hair of the dog,l
hair of the dog,l
hair of the dog,l
have someone's number,l
neither here nor there,l
neither here nor there,l
neither here nor there,l
out of the woods,l
out of the woods,l
out of the woods,l
sit on the fence,l
sit on the fence,l
sit on the fence,l
keep the peace,l
keep the peace,l
six feet under,l
six feet under,l
six feet under,l
dead and buried,l
dead and buried,l
dead and buried,l
down in the dumps,l
down in the dumps,l
down in the dumps,l
know the score,l
know the score,l
know the score,l
oil and water,l
oil and water,l
oil and water,l
add fuel to the fire,l
add fuel to the fire,l
add fuel to the fire,l
power behind the throne,l
power behind the throne,l
power behind the throne,l
blood and guts,l
blood and guts,l
blood and guts,l
strike while the iron is hot,l
strike while the iron is hot,l
on the hop,l
on the hop,l
on the hop,l
all over the map,l
all over the map,l
all over the map,l
let the cat out of the bag,l
let the cat out of the bag,l
let the cat out of the bag,l
blaze a trail,l
blaze a trail,l
blaze a trail,l
on the bounce,l
on the bounce,l
on the bounce,l
at a canter,l
at a canter,l
at a canter,l
out to lunch,l
out to lunch,l
out to lunch,l
twist someone's arm,l
twist someone's arm,l
twist someone's arm,l
swings and roundabouts,l
swings and roundabouts,l
swings and roundabouts,l
on the ball,l
on the ball,l
rob Peter to pay Paul,l
rob Peter to pay Paul,l
rob Peter to pay Paul,l
ring a bell,l
ring a bell,l
ring a bell,l
to die for,l
to die for,l
to die for,l
everything but the kitchen sink,l
spend a penny,l
spend a penny,l
spend a penny,l
in black and white,l
in black and white,l
in black and white,l
doom and gloom,l
doom and gloom,l
doom and gloom,l
keep tabs on,l
keep tabs on,l
keep tabs on,l
get the picture,l
get the picture,l
get the picture,l
look the other way,l
look the other way,l
look the other way,l
burst someone's bubble,l
burst someone's bubble,l
burst someone's bubble,l
fall in line,l
fall in line,l
fall in line,l
water under the bridge,l
water under the bridge,l
water under the bridge,l
keep a lid on,l
keep a lid on,l
keep a lid on,l
down the drain,l
down the drain,l
down the drain,l
make the cut,l
make the cut,l
make the cut,l
free and easy,l
free and easy,l
free and easy,l
with a vengeance,l
cut both ways,l
cut both ways,l
cut both ways,l
sing the praises of,l
sing the praises of,l
sing the praises of,l
hold the line,l
pull the plug,l
pull the plug,l
pull the plug,l
make a move,l
make a move,l
make a move,l
make a meal of,l
make a meal of,l
make a meal of,l
the icing on the cake,l
the icing on the cake,l
the icing on the cake,l
in the red,l
in the red,l
in the red,l
feel the pinch,l
feel the pinch,l
feel the pinch,l
under the microscope,l
under the microscope,l
under the microscope,l
pay the piper,l
pay the piper,l
pay the piper,l
on the trot,l
on the trot,l
on the trot,l
peaches and cream,l
peaches and cream,l
toe the line,l
toe the line,l
grasp the nettle,l
grasp the nettle,l
grasp the nettle,l
high and mighty,l
high and mighty,l
high and mighty,l
in the hole,l
in the hole,l
in the hole,l
take the fall,l
take the fall,l
take the fall,l
in the offing,l
in the offing,l
in the offing,l
ride roughshod over,l
ride roughshod over,l
ride roughshod over,l
crash and burn,l
crash and burn,l
crash and burn,l
dyed in the wool,l
dyed in the wool,l
dyed in the wool,l
fight fire with fire,l
fight fire with fire,l
fight fire with fire,l
all over the place,l
all over the place,l
all over the place,l
grind to a halt,l
grind to a halt,l
grind to a halt,l
in a nutshell,l
in a nutshell,l
rise and shine,l
take a back seat,l
take a bath,l
take a bath,l
take a bath,l
bury the hatchet,l
bury the hatchet,l
in the soup,l
in the soup,l
in the soup,l
grease the wheels,l
grease the wheels,l
grease the wheels,l
apples and oranges,l
apples and oranges,l
follow in someone's footsteps,l
follow in someone's footsteps,l
follow in someone's footsteps,l
under the wire,l
under the wire,l
under the wire,l
out of the blue,l
out of the blue,l
out of the blue,l
over the moon,l
over the moon,l
throw down the gauntlet,l
throw down the gauntlet,l
take the bull by the horns,l
take the bull by the horns,l
take the bull by the horns,l
over the top,l
over the top,l
over the top,l
sweetness and light,l
sweetness and light,l
behind someone's back,l
behind someone's back,l
on the ropes,l
take the cake,l
dig up dirt,l
dig up dirt,l
dig up dirt,l
left and right,l
dead in the water,l
dead in the water,l
dead in the water,l
take no prisoners,l
run out of steam,l
take a hike,l
take a hike,l
take a hike,l
go the extra mile,l
under a cloud,l
under a cloud,l
under a cloud,l
in someone's pocket,l
in someone's pocket,l
in someone's pocket,l
on the shelf,l
on the shelf,l
on the shelf,l
pound the pavement,l
cut and thrust,l
cut and thrust,l
song and dance,l
song and dance,l
song and dance,l
turn the tables,l
turn the tables,l
over the hill,l
over the hill,l
over the hill,l
out of the loop,l
drop the ball,l
the buck stops here,l
the buck stops here,l
the buck stops here,l
on the rocks,l
on the rocks,l
on the rocks,l
break someone's heart,l
break someone's heart,l
break someone's heart,l
steal someone's thunder,l
slap on the wrist,l
slap on the wrist,l
on the make,l
on the make,l
on the make,l
things that go bump in the night,l
push the boat out,l
push the boat out,l
push the boat out,l
smell a rat,l
smell a rat,l
smell a rat,l
shoot the messenger,l
shoot the messenger,l
shoot the messenger,l
wake up and smell the coffee,l
fun and games,l
fun and games,l
fun and games,l
cast the first stone,l
cast the first stone,l
kick the bucket,l
kick the bucket,l
kick the bucket,l
fly a kite,l
fly a kite,l
fly a kite,l
in the clear,l
in the clear,l
have a few,l
have a few,l
have a few,l
to the hilt,l
to the hilt,l
to the hilt,l
open the floodgates,l
open the floodgates,l
open the floodgates,l
throw the book at,l
throw the book at,l
throw the book at,l
when the chips are down,l
when the chips are down,l
between a rock and a hard place,l
between a rock and a hard place,l
put down roots,l
put down roots,l
in your dreams,l
in your dreams,l
short and sweet,l
cut and dried,l
cut and dried,l
cut and dried,l
six of the best,l
six of the best,l
six of the best,l
behind closed doors,l
behind closed doors,l
behind closed doors,l
clear the decks,l
clear the decks,l
clear the decks,l
on the game,l
on the game,l
on the game,l
with open arms,l
with open arms,l
flash in the pan,l
flash in the pan,l
flash in the pan,l
rough around the edges,l
rough around the edges,l
fly off the handle,l
fly off the handle,l
see the light,l
see the light,l
see the light,l
pour cold water on,l
pour cold water on,l
pour cold water on,l
fire in the belly,l
get a grip,l
get a grip,l
get a grip,l
in the loop,l
in the loop,l
in the loop,l
fly in the face of,l
fly in the face of,l
get the boot,l
get the boot,l
on and off,l
on and off,l
on and off,l
cook the books,l
cook the books,l
cook the books,l
on the same page,l
on the same page,l
run a mile,l
run a mile,l
run a mile,l
on thin ice,l
on thin ice,l
close to home,l
close to home,l
close to home,l
in the bag,l
in the bag,l
in the raw,l
in the raw,l
cut the mustard,l
force someone's hand,l
force someone's hand,l
in the final analysis,l
in the final analysis,l
in the final analysis,l
up in the air,l
up in the air,l
fall from grace,l
fall from grace,l
fall from grace,l
full of beans,l
full of beans,l
full of beans,l
press the panic button,l
press the panic button,l
press the panic button,l
have a heart,l
have a heart,l
have a heart,l
on the fly,l
on the fly,l
get stuck in,l
get stuck in,l
get stuck in,l
out of the box,l
out of the box,l
out of the box,l
on the warpath,l
on the warpath,l
on the warpath,l
take a dive,l
take a dive,l
take a dive,l
scratch the surface,l
scratch the surface,l
scratch the surface,l
hammer and tongs,l
hammer and tongs,l
hammer and tongs,l
make a clean break,l
make a clean break,l
make a clean break,l
at sixes and sevens,l
nuts and bolts,l
nuts and bolts,l
nuts and bolts,l
the ball is in someone's court,l
the ball is in someone's court,l
get a life,l
get a life,l
get a life,l
on the nose,l
on the nose,l
on the nose,l
on a shoestring,l
in the driver's seat,l
in the driver's seat,l
wet behind the ears,l
wet behind the ears,l
wet behind the ears,l
up a tree,l
up a tree,l
up a tree,l
pick someone's brain,l
fill someone's shoes,l
save someone's skin,l
save someone's skin,l
walk all over,l
walk all over,l
walk all over,l
hot and heavy,l
hot and heavy,l
hot and heavy,l
strike a chord,l
strike a chord,l
strike a chord,l
batten down the hatches,l
batten down the hatches,l
batten down the hatches,l
cap in hand,l
cap in hand,l
cap in hand,l
kicking and screaming,l
kicking and screaming,l
kicking and screaming,l
sick and tired,l
sick and tired,l
on the cards,l
on the cards,l
face the music,l
face the music,l
come in from the cold,l
come in from the cold,l
come in from the cold,l
head over heels,l
head over heels,l
head over heels,l
reach for the stars,l
for a song,l
for a song,l
for a song,l
down the tubes,l
down the tubes,l
down the tubes,l
no strings attached,l
no strings attached,l
no strings attached,l
spit it out,l
spit it out,l
spit it out,l
don't hold your breath,l
don't hold your breath,l
don't hold your breath,l
stand up and be counted,l
stand up and be counted,l
far and away,l
far and away,l
far and away,l
sink or swim,l
sink or swim,l
sink or swim,l
hit the bottle,l
hit the bottle,l
hit the bottle,l
turn over a new leaf,l
turn over a new leaf,l
put the boot in,l
put the boot in,l
make a splash,l
make a splash,l
draw a line in the sand,l
push someone's buttons,l
push someone's buttons,l
separate the wheat from the chaff,l
separate the wheat from the chaff,l
get to grips with,l
get under someone's skin,l
get under someone's skin,l
get under someone's skin,l
up to speed,l
up to speed,l
go with the flow,l
go with the flow,l
rule the roost,l
rule the roost,l
rule the roost,l
in the fast lane,l
in the fast lane,l
in the fast lane,l
break the back of,l
break the back of,l
break the back of,l
put words in someone's mouth,l
put words in someone's mouth,l
put words in someone's mouth,l
shut the door on,l
shut the door on,l
shut the door on,l
kiss of death,l
kiss of death,l
kiss of death,l
on the skids,l
on the skids,l
on the skids,l
light at the end of the tunnel,l
light at the end of the tunnel,l
light at the end of the tunnel,l
on a roll,l
on a roll,l
rock the boat,l
rock the boat,l
below the belt,l
below the belt,l
below the belt,l
see eye to eye,l
see eye to eye,l
get it up,l
get it up,l
get it up,l
get away with murder,l
get away with murder,l
get away with murder,l
one of those things,l
one of those things,l
joined at the hip,l
joined at the hip,l
have a ball,l
have a ball,i
under the sun,l
under the sun,l
under the sun,l
on the wagon,l
on the wagon,l
on the wagon,l
call a spade a spade,l
call a spade a spade,l
call a spade a spade,l
spill the beans,l
spill the beans,l
on the button,l
on the button,l
on the button,l
black and blue,l
black and blue,l
black and blue,l
put the cart before the horse,l
bells and whistles,l
bells and whistles,l
in cold blood,l
in cold blood,l
carrot and stick,l
carrot and stick,l
down the road,l
down the road,l
down the road,l
heads will roll,l
heads will roll,l
at the end of the day,l
at the end of the day,l
at the end of the day,l
heart and soul,l
heart and soul,l
heart and soul,l
pack a punch,l
pack a punch,l
pack a punch,l
eat someone alive,l
eat someone alive,l
eat someone alive,l
tie the knot,l
tie the knot,l
tie the knot,l
step on it,l
step on it,l
out of the picture,l
out of the picture,l
break the ice,l
break the ice,l
break the ice,l
pop the question,l
pop the question,l
pop the question,l
full speed ahead,l
full speed ahead,l
full speed ahead,l
point the finger,l
point the finger,l
sign on the dotted line,l
sign on the dotted line,l
sign on the dotted line,l
up the ante,l
up the ante,l
up the ante,l
bring home the bacon,l
bring home the bacon,l
bring home the bacon,l
with a view to,l
with a view to,l
with a view to,l
move heaven and earth,l
move heaven and earth,l
move heaven and earth,l
across the board,l
across the board,l
tip the scales,l
tip the scales,l
face to face,l
face to face,l
face to face,l
hold someone's hand,l
hold someone's hand,l
hold someone's hand,l
cut from the same cloth,l
cut from the same cloth,l
cut from the same cloth,l
licence to print money,l
licence to print money,l
licence to print money,l
on the mend,l
on the mend,l
on the mend,l
go all the way,l
go all the way,l
go all the way,l
come with the territory,l
come with the territory,l
the bee's knees,l
the bee's knees,l
the bee's knees,l
on the back of,l
on the back of,l
on the back of,l
get a rise out of,l
get off the ground,l
get off the ground,l
get off the ground,l
under the table,l
under the table,l
under the table,l
do someone proud,l
do someone proud,l
do someone proud,l
down to the wire,l
down to the wire,l
down to the wire,l
go the distance,l
go the distance,l
go the distance,l
fast and furious,l
fast and furious,l
fast and furious,l
watch this space,l
watch this space,l
set the wheels in motion,l
set the wheels in motion,l
set the wheels in motion,l
to the tune of,l
to the tune of,l
to the tune of,l
on the back burner,l
on the back burner,l
on the back burner,l
turn the screw,l
turn the screw,l
turn the screw,l
glass ceiling,l
glass ceiling,l
glass ceiling,l
grass root,l
grass root,l
grass root,l
head hunter,l
head hunter,l
head hunter,l
heavy cross,l
heavy cross,l
heavy cross,l
banana republic,l
banana republic,l
banana republic,l
crocodile tear,l
crocodile tear,l
crocodile tear,l
eager beaver,l
eager beaver,l
cutting edge,l
cutting edge,l
cutting edge,l
melting pot,l
melting pot,l
melting pot,l
hot potato,l
hot potato,l
hot potato,l
monkey business,l
monkey business,l
monkey business,l
big cheese,l
big cheese,l
big cheese,l
nest egg,l
nest egg,l
big picture,l
big picture,l
big picture,l
night owl,l
night owl,l
night owl,l
fashion plate,l
fashion plate,l
fashion plate,l
big wig,l
big wig,l
big wig,l
flower child,l
flower child,l
flower child,l
panda car,l
black box,l
black box,l
black box,l
flea market,l
flea market,l
flea market,l
goose egg,l
blind alley,l
blind alley,l
blind alley,l
low profile,l
low profile,l
low profile,l
blue blood,l
blue blood,l
blue blood,l
grandfather clock,l
grandfather clock,l
grandfather clock,l
guinea pig,l
guinea pig,l
guinea pig,l
graveyard shift,l
graveyard shift,l
gravy train,l
gravy train,l
gravy train,l
rat run,l
rock bottom,l
rock bottom,l
rock bottom,l
pipe dream,l
pipe dream,l
pipe dream,l
rocket science,l
rocket science,l
rocket science,l
poison pill,l
poison pill,l
poison pill,l
shrinking violet,l
shrinking violet,l
shrinking violet,l
silver bullet,l
silver bullet,l
silver bullet,l
damp squib,l
dark horse,l
dark horse,l
dark horse,l
ivory tower,l
ivory tower,l
ivory tower,l
kangaroo court,l
kangaroo court,l
kangaroo court,l
sitting duck,l
double cross,l
double cross,l
double cross,l
smoking gun,l
smoking gun,l
double dutch,l
double dutch,l
double dutch,l
snake oil,l
snake oil,l
snake oil,l
smoke screen,l
smoke screen,l
smoke screen,l
swan song,l
swan song,l
swan song,l
old flame,l
old flame,l
old flame,l
zebra crossing,l
zebra crossing,l
zebra crossing,l
silver lining,l
top dog,l
bad hat,l
bad hat,l
bad hat,l
acid test,l
acid test,l
acid test,l
big fish,l
agony aunt,l
brass ring,l
brass ring,l
brass ring,l
busy bee,l
closed book,l
closed book,l
closed book,l
